{"inputUnits":[34],"outputUnits":4,"inputs":{"0":{"dtype":"number","min":321.7304912522609,"max":428.0427474084995},"1":{"dtype":"number","min":197.14666344312377,"max":231.00407522476138},"2":{"dtype":"number","min":331.66781295598247,"max":442.2027739291061},"3":{"dtype":"number","min":181.92420454804534,"max":220.16586363083655},"4":{"dtype":"number","min":311.91456894930235,"max":417.1941378701058},"5":{"dtype":"number","min":182.00328663629318,"max":217.1261264192455},"6":{"dtype":"number","min":348.32671287922545,"max":453.64865195426495},"7":{"dtype":"number","min":192.9292849529578,"max":223.74124608615028},"8":{"dtype":"number","min":288.50584096945676,"max":389.1092928281554},"9":{"dtype":"number","min":187.66170397806724,"max":225.8661577395428},"10":{"dtype":"number","min":372.39070432195405,"max":459.28167083384},"11":{"dtype":"number","min":229.87468734325603,"max":293.5707240716957},"12":{"dtype":"number","min":265.1409959607551,"max":346.29324233949416},"13":{"dtype":"number","min":224.6171647008755,"max":284.68089359743584},"14":{"dtype":"number","min":394.39029945937574,"max":525.3410731215422},"15":{"dtype":"number","min":145.61301146035993,"max":423.5204721888679},"16":{"dtype":"number","min":171.948508177286,"max":303.9563130775778},"17":{"dtype":"number","min":143.92549151112598,"max":389.7144552149198},"18":{"dtype":"number","min":351.5542127557302,"max":609.1729000106396},"19":{"dtype":"number","min":97.18318479070405,"max":481.7488092207259},"20":{"dtype":"number","min":125.19538671590011,"max":369.6885805835056},"21":{"dtype":"number","min":85.73438711203491,"max":474.2343038714813},"22":{"dtype":"number","min":347.7257303319553,"max":443.1542956875456},"23":{"dtype":"number","min":384.51142663621715,"max":486.82799105514346},"24":{"dtype":"number","min":271.2128374270428,"max":357.3023072476517},"25":{"dtype":"number","min":380.86801848059037,"max":502.07295933586147},"26":{"dtype":"number","min":330.8329351402906,"max":466.4114403631901},"27":{"dtype":"number","min":375.20475038758514,"max":579.130762003739},"28":{"dtype":"number","min":243.4307858359489,"max":406.762142552476},"29":{"dtype":"number","min":377.6569458482794,"max":586.9567918591927},"30":{"dtype":"number","min":354.10601100105254,"max":477.6618793502392},"31":{"dtype":"number","min":476.0274354214798,"max":584.4223200579098},"32":{"dtype":"number","min":244.9065461511278,"max":431.0275856344616},"33":{"dtype":"number","min":471.1000856629605,"max":587.3314930956651}},"outputs":{"0":{"dtype":"string","min":0,"max":1,"uniqueValues":["y","m","c","a"],"legend":{"y":[1,0,0,0],"m":[0,1,0,0],"c":[0,0,1,0],"a":[0,0,0,1]}}},"isNormalized":true}